num_of_bachelors,num_of_associates,income,cost,ROI
207.0,2363.0,720138525.4225438,31302000.0,100.0
1228.0,321.0,642163607.4755133,19336500.0,612.0
